statistic,value
count,25623.0
mean,0.679808334417859
std,0.07210920356544138
min,0.095007161996322
25%,0.6649126985908365
50%,0.686966672392352
75%,0.7055704534295142
max,0.9421733845842615
