rating,count,ratio
0,60847,0.05373434584370615
1,12818,0.011319651667701372
2,14123,0.012472104891788616
3,40855,0.036079292314240875
4,187360,0.16545872495401226
5,816364,0.7209358803285507
