statistic,value
count,180310.0
mean,5.566657423326493
std,53.60392479902242
min,1.0
25%,1.0
50%,1.0
75%,2.0
90%,5.0
95%,12.0
99%,69.0
max,7661.0
