statistic,value
count,217565.0
mean,4.613444258037828
std,15.860429451507075
min,1.0
25%,1.0
50%,2.0
75%,4.0
90%,9.0
95%,14.0
99%,44.0
max,1347.0
